cohort,method,fn_cost,budget_percent,budget_mode,qwen_calls,relative_component_cost,accuracy,precision,recall,f1,mcc,tp,fp,tn,fn,classification_risk,net_objective
internal_check,margin,1,25,calls,33,0.4921588898538691,0.7744360902255639,0.7961165048543689,0.9010989010989011,0.845360824742268,0.4460849525753082,82,21,21,9,0.22556390977443608,0.24267023062331394
internal_check,margin,1,25,predicted_cost,33,0.4921588898538691,0.7744360902255639,0.7961165048543689,0.9010989010989011,0.845360824742268,0.4460849525753082,82,21,21,9,0.22556390977443608,0.24267023062331394
internal_check,confidence,1,25,calls,33,0.49714386771254243,0.8045112781954887,0.8350515463917526,0.8901098901098901,0.8617021276595744,0.5326726236125802,81,16,26,10,0.19548872180451127,0.21308783204439033
internal_check,confidence,1,25,predicted_cost,26,0.46137463953644486,0.7969924812030075,0.8333333333333334,0.8791208791208791,0.8556149732620321,0.5167555195992269,80,16,26,11,0.20300751879699247,0.21707066625645235
internal_check,utility,1,25,calls,33,0.48387959356380233,0.7744360902255639,0.801980198019802,0.8901098901098901,0.84375,0.4501170477659284,81,20,22,10,0.22556390977443608,0.2418517817771266
internal_check,utility,1,25,predicted_cost,37,0.5035797284000741,0.7744360902255639,0.801980198019802,0.8901098901098901,0.84375,0.4501170477659284,81,20,22,10,0.22556390977443608,0.24379923625412436
internal_check,margin,1,50,calls,66,0.7418569756641438,0.8045112781954887,0.8421052631578947,0.8791208791208791,0.8602150537634409,0.5370861555295746,80,15,27,11,0.19548872180451127,0.23727891711163224
internal_check,margin,1,50,predicted_cost,66,0.7418569756641438,0.8045112781954887,0.8421052631578947,0.8791208791208791,0.8602150537634409,0.5370861555295746,80,15,27,11,0.19548872180451127,0.23727891711163224
internal_check,confidence,1,50,calls,66,0.6929676690218988,0.8045112781954887,0.8494623655913979,0.8681318681318682,0.858695652173913,0.5420808685475041,79,14,28,12,0.19548872180451127,0.2324459705410099
internal_check,confidence,1,50,predicted_cost,68,0.715439529131629,0.8045112781954887,0.8494623655913979,0.8681318681318682,0.858695652173913,0.5420808685475041,79,14,28,12,0.19548872180451127,0.23466742358896497
internal_check,utility,1,50,calls,66,0.6517793217375353,0.7819548872180451,0.8163265306122449,0.8791208791208791,0.8465608465608465,0.4755987951512451,80,18,24,11,0.21804511278195488,0.25093069236564214
internal_check,utility,1,50,predicted_cost,75,0.6982865003520975,0.7894736842105263,0.8247422680412371,0.8791208791208791,0.851063829787234,0.4962669407038067,80,17,25,11,0.21052631578947367,0.24800935696203827
internal_check,margin,3,25,calls,33,0.4921588898538691,0.7744360902255639,0.7961165048543689,0.9010989010989011,0.845360824742268,0.4460849525753082,82,21,21,9,0.3609022556390977,0.3780085764879756
internal_check,margin,3,25,predicted_cost,33,0.4921588898538691,0.7744360902255639,0.7961165048543689,0.9010989010989011,0.845360824742268,0.4460849525753082,82,21,21,9,0.3609022556390977,0.3780085764879756
internal_check,confidence,3,25,calls,33,0.484281838888097,0.7669172932330827,0.7884615384615384,0.9010989010989011,0.841025641025641,0.4247215041857418,82,22,20,9,0.3684210526315789,0.38474868854777355
internal_check,confidence,3,25,predicted_cost,36,0.49940127607786733,0.7744360902255639,0.801980198019802,0.8901098901098901,0.84375,0.4501170477659284,81,20,22,10,0.37593984962406013,0.39376211569835357
internal_check,utility,3,25,calls,33,0.4837962213217433,0.7593984962406015,0.7757009345794392,0.9120879120879121,0.8383838383838383,0.3992887554868702,83,24,18,8,0.3609022556390977,0.37718188588875434
internal_check,utility,3,25,predicted_cost,37,0.5038098847631723,0.7593984962406015,0.7757009345794392,0.9120879120879121,0.8383838383838383,0.3992887554868702,83,24,18,8,0.3609022556390977,0.37916033419857886
internal_check,margin,3,50,calls,66,0.7418569756641438,0.8045112781954887,0.8421052631578947,0.8791208791208791,0.8602150537634409,0.5370861555295746,80,15,27,11,0.3609022556390977,0.4026924509462187
internal_check,margin,3,50,predicted_cost,66,0.7418569756641438,0.8045112781954887,0.8421052631578947,0.8791208791208791,0.8602150537634409,0.5370861555295746,80,15,27,11,0.3609022556390977,0.4026924509462187
internal_check,confidence,3,50,calls,66,0.6929676690218988,0.8045112781954887,0.8494623655913979,0.8681318681318682,0.858695652173913,0.5420808685475041,79,14,28,12,0.37593984962406013,0.41289709836055877
internal_check,confidence,3,50,predicted_cost,68,0.715439529131629,0.8045112781954887,0.8494623655913979,0.8681318681318682,0.858695652173913,0.5420808685475041,79,14,28,12,0.37593984962406013,0.41511855140851384
internal_check,utility,3,50,calls,66,0.7220218228126678,0.7593984962406015,0.7757009345794392,0.9120879120879121,0.8383838383838383,0.3992887554868702,83,24,18,8,0.3609022556390977,0.4007316492794494
internal_check,utility,3,50,predicted_cost,68,0.732418895998452,0.7593984962406015,0.7757009345794392,0.9120879120879121,0.8383838383838383,0.3992887554868702,83,24,18,8,0.3609022556390977,0.40175945070779534
valid,margin,1,25,calls,185,0.5378311399019363,0.7516869095816464,0.7429305912596401,0.774798927613941,0.7585301837270342,0.5036766342275426,289,100,268,84,0.2483130904183536,0.26517431158499316
valid,margin,1,25,predicted_cost,185,0.5378311399019363,0.7516869095816464,0.7429305912596401,0.774798927613941,0.7585301837270342,0.5036766342275426,289,100,268,84,0.2483130904183536,0.26517431158499316
valid,confidence,1,25,calls,185,0.5428629109684958,0.7408906882591093,0.7836990595611285,0.6702412868632708,0.7225433526011561,0.4874624894107385,250,69,299,123,0.2591093117408907,0.27638252557631016
valid,confidence,1,25,predicted_cost,166,0.5207307831317302,0.7449392712550608,0.7839506172839507,0.6809651474530831,0.7288378766140604,0.4946478379874173,254,70,298,119,0.2550607287449393,0.2705218024228215
valid,utility,1,25,calls,185,0.5295832861146134,0.728744939271255,0.7485549132947977,0.6943699731903485,0.7204450625869263,0.45895104504138395,259,87,281,114,0.27125506072874495,0.28744096196357594
valid,utility,1,25,predicted_cost,219,0.5652254099962404,0.7314439946018894,0.7514450867052023,0.6970509383378016,0.7232267037552155,0.46436112003821295,260,86,282,113,0.26855600539811064,0.2876602217837569
valid,margin,1,50,calls,370,0.7377205319354871,0.7557354925775979,0.7526315789473684,0.7667560321715817,0.7596281540504648,0.5114777753388255,286,94,274,87,0.24426450742240216,0.27749232456396544
valid,margin,1,50,predicted_cost,370,0.7377205319354871,0.7557354925775979,0.7526315789473684,0.7667560321715817,0.7596281540504648,0.5114777753388255,286,94,274,87,0.24426450742240216,0.27749232456396544
valid,confidence,1,50,calls,370,0.7637050447373839,0.7449392712550608,0.7987012987012987,0.6595174262734584,0.722466960352423,0.4981672254019951,246,62,306,127,0.2550607287449393,0.2904161126288262
valid,confidence,1,50,predicted_cost,307,0.6871692766796265,0.738191632928475,0.7934426229508197,0.6487935656836461,0.7138643067846608,0.48522993059618624,242,63,305,131,0.26180836707152494,0.29089713530018224
valid,utility,1,50,calls,370,0.7247961561935328,0.7341430499325237,0.75,0.707774798927614,0.7282758620689656,0.46921900200702893,264,88,280,109,0.2658569500674764,0.2980265417882471
valid,utility,1,50,predicted_cost,393,0.749217376328746,0.7368421052631579,0.751412429378531,0.7131367292225201,0.7317744154057771,0.47446624469685733,266,88,280,107,0.2631578947368421,0.2973270535136806
valid,margin,3,25,calls,185,0.5378311399019363,0.7516869095816464,0.7429305912596401,0.774798927613941,0.7585301837270342,0.5036766342275426,289,100,268,84,0.4750337381916329,0.4918949593582725
valid,margin,3,25,predicted_cost,185,0.5378311399019363,0.7516869095816464,0.7429305912596401,0.774798927613941,0.7585301837270342,0.5036766342275426,289,100,268,84,0.4750337381916329,0.4918949593582725
valid,confidence,3,25,calls,185,0.5277703258710517,0.7354925775978407,0.7072599531615925,0.8096514745308311,0.755,0.47552864945306156,302,125,243,71,0.45614035087719296,0.47217781007854176
valid,confidence,3,25,predicted_cost,231,0.5761680716571772,0.7354925775978407,0.7092198581560284,0.8042895442359249,0.7537688442211055,0.474830952088967,300,123,245,73,0.46153846153846156,0.48153864404053276
valid,utility,3,25,calls,185,0.5275088218176592,0.738191632928475,0.7057471264367816,0.8230563002680965,0.7599009900990099,0.482588565132774,307,128,240,66,0.4399460188933873,0.4559620665973868
valid,utility,3,25,predicted_cost,235,0.5816008349576677,0.738191632928475,0.7048054919908466,0.8257372654155496,0.7604938271604937,0.48302717955937036,308,129,239,65,0.43724696356275305,0.45769197128071964
valid,margin,3,50,calls,370,0.7377205319354871,0.7557354925775979,0.7526315789473684,0.7667560321715817,0.7596281540504648,0.5114777753388255,286,94,274,87,0.47908232118758437,0.5123101383291476
valid,margin,3,50,predicted_cost,370,0.7377205319354871,0.7557354925775979,0.7526315789473684,0.7667560321715817,0.7596281540504648,0.5114777753388255,286,94,274,87,0.47908232118758437,0.5123101383291476
valid,confidence,3,50,calls,370,0.72598828879071,0.7503373819163293,0.735,0.7882037533512064,0.7606727037516171,0.5017418598104125,294,106,262,79,0.46288798920377866,0.495155190669459
valid,confidence,3,50,predicted_cost,393,0.7511372526795533,0.7503373819163293,0.7422680412371134,0.7721179624664879,0.7568988173455979,0.5009265363149672,288,100,268,85,0.47908232118758437,0.5134086761029263
valid,utility,3,50,calls,370,0.7600194563720389,0.7435897435897436,0.7093821510297483,0.8310991957104558,0.7654320987654321,0.4940018722496211,310,127,241,63,0.42645074224021595,0.4615043565549836
valid,utility,3,50,predicted_cost,370,0.7600194563720389,0.7435897435897436,0.7093821510297483,0.8310991957104558,0.7654320987654321,0.4940018722496211,310,127,241,63,0.42645074224021595,0.4615043565549836
