model,condition,auc,comparable_pairs,eligible_functions,eligible_strata
Source,length_quartile,0.6975383596423447,27177,741,4
Source,project_field,0.7658296102295487,6491,603,79
Source,project_and_length,0.7105431309904153,1565,407,62
CLM_Source,length_quartile,0.7058542149611804,27177,741,4
CLM_Source,project_field,0.7961793252195347,6491,603,79
CLM_Source,project_and_length,0.7284345047923323,1565,407,62
P0_Source,length_quartile,0.7197262390992383,27177,741,4
P0_Source,project_field,0.8012632876290248,6491,603,79
P0_Source,project_and_length,0.7412140575079872,1565,407,62
C,length_quartile,0.6988630091621592,27177,741,4
C,project_field,0.7946387305499921,6491,603,79
C,project_and_length,0.7271565495207668,1565,407,62
P0_C,length_quartile,0.7168193693196453,27177,741,4
P0_C,project_field,0.8008011092281621,6491,603,79
P0_C,project_and_length,0.7309904153354633,1565,407,62
Attributes,length_quartile,0.7045295654413659,27177,741,4
Attributes,project_field,0.774919118779849,6491,603,79
Attributes,project_and_length,0.7169329073482428,1565,407,62
CLM_C,length_quartile,0.6589763402877433,27177,741,4
CLM_C,project_field,0.7750731782468032,6491,603,79
CLM_C,project_and_length,0.6971246006389776,1565,407,62
size,length_quartile,0.5863413916179122,27177,741,4
size,project_field,0.7419503928516408,6491,603,79
size,project_and_length,0.6447284345047923,1565,407,62
syntax,length_quartile,0.6290613386319314,27177,741,4
syntax,project_field,0.7376367277769219,6491,603,79
syntax,project_and_length,0.6019169329073483,1565,407,62
structure,length_quartile,0.6302020090517717,27177,741,4
structure,project_field,0.740871976582961,6491,603,79
structure,project_and_length,0.602555910543131,1565,407,62
lexical,length_quartile,0.6682672848364426,27177,741,4
lexical,project_field,0.7444923740563858,6491,603,79
lexical,project_and_length,0.6514376996805111,1565,407,62
lexical_structure,length_quartile,0.6689112116863525,27177,741,4
lexical_structure,project_field,0.7536589123401634,6491,603,79
lexical_structure,project_and_length,0.6408945686900959,1565,407,62
project_size,length_quartile,0.6188321006733635,27177,741,4
project_size,project_field,0.7411800955168695,6491,603,79
project_size,project_and_length,0.6434504792332268,1565,407,62
project_structure,length_quartile,0.6313794752916069,27177,741,4
project_structure,project_field,0.7431828685872747,6491,603,79
project_structure,project_and_length,0.6051118210862619,1565,407,62
frozen_clm,length_quartile,0.5819258932185304,27177,741,4
frozen_clm,project_field,0.6347250038514867,6491,603,79
frozen_clm,project_and_length,0.5348242811501598,1565,407,62
frozen_clm_structure,length_quartile,0.5829561761783861,27177,741,4
frozen_clm_structure,project_field,0.639346787860114,6491,603,79
frozen_clm_structure,project_and_length,0.5335463258785943,1565,407,62
