view,model,point,accuracy,precision,recall,f1,mcc,auc,tp,tn,fp,fn,samples,threshold,positive,fpr,fnr,auprc_average_precision,bce
raw_natural,A,selected,0.7268077284261424,0.09376655482959562,0.6116102280580511,0.16260411562959332,0.15540504568028343,0.7364392120588334,2655,70097,25660,1686,100098,0.17,4341,0.2679699656421985,0.38838977194194885,0.12601724185958935,0.23026541374894732
raw_natural,A,fixed_0_5,0.9353533537133609,0.20482261640798227,0.17023727251785303,0.1859353377783369,0.15328129653533867,0.7364392120588334,739,92888,2869,3602,100098,0.5,4341,0.02996125609616007,0.829762727482147,0.12601724185958935,0.23026541374894732
raw_natural,B,selected,0.8059701492537313,0.10948262468279041,0.48698456576825616,0.1787737843551797,0.15869010182780055,0.7336429581600187,2114,78562,17195,2227,100098,0.49,4341,0.17956911766241632,0.5130154342317438,0.12658155613698635,0.4020580336190053
raw_natural,B,fixed_0_5,0.814262023217247,0.11204878314368161,0.47408431237042153,0.1812577065351418,0.1598487886336719,0.7336429581600187,2058,79448,16309,2283,100098,0.5,4341,0.17031653038420166,0.5259156876295784,0.12658155613698635,0.4020580336190053
raw_natural,C,selected,0.8815560750464545,0.15346306372775062,0.3833218152499424,0.21917808219178084,0.1883967963299137,0.7271393553756567,1664,86578,9179,2677,100098,0.31,4341,0.09585722192633436,0.6166781847500576,0.15473539492287766,0.250708150003515
raw_natural,C,fixed_0_5,0.9157225918599772,0.19233658903080392,0.294862934807648,0.2328119316114951,0.1951830262561468,0.7271393553756567,1280,90382,5375,3061,100098,0.5,4341,0.05613166661445116,0.705137065192352,0.15473539492287766,0.250708150003515
raw_balanced,A,selected,0.6715042616908546,0.694844281601675,0.6116102280580511,0.6505758392550847,0.34549627422141926,0.7369804929145346,2655,3175,1166,1686,8682,0.17,4341,0.26860170467634187,0.38838977194194885,0.7301396930250902,0.8912383948051196
raw_balanced,A,fixed_0_5,0.5719880211932734,0.8663540445486518,0.17023727251785303,0.28455910666153256,0.24185348804625464,0.7369804929145346,739,4227,114,3602,8682,0.5,4341,0.02626123013130615,0.829762727482147,0.7301396930250902,0.8912383948051196
raw_balanced,B,selected,0.6521538815941027,0.7272101823185414,0.48698456576825616,0.5833333333333333,0.3224068848924842,0.7335568281963106,2114,3548,793,2227,8682,0.49,4341,0.18267680258005067,0.5130154342317438,0.724885900229777,0.6619356622558258
raw_balanced,B,fixed_0_5,0.6512324349228289,0.7342133428469497,0.47408431237042153,0.5761478163493842,0.3234457486048331,0.7335568281963106,2058,3596,745,2283,8682,0.5,4341,0.17161944252476388,0.5259156876295784,0.724885900229777,0.6619356622558258
raw_balanced,C,selected,0.6446671273900023,0.803088803088803,0.3833218152499424,0.518945891158584,0.3393860866153171,0.727928409685676,1664,3933,408,2677,8682,0.31,4341,0.09398756046993781,0.6166781847500576,0.7432838733363688,1.1143559900329032
raw_balanced,C,fixed_0_5,0.6204791522690625,0.845442536327609,0.294862934807648,0.43723313407344144,0.31751902229586293,0.727928409685676,1280,4107,234,3061,8682,0.5,4341,0.05390463026952315,0.705137065192352,0.7432838733363688,1.1143559900329032
clean_natural,A,selected,0.7180478792528456,0.09883377223625517,0.5972718415069828,0.16960250853084938,0.1515345744296142,0.7216353414480264,1839,44022,16768,1240,63869,0.17,3079,0.27583484125678565,0.40272815849301724,0.12819718039936256,0.24413790035574717
clean_natural,A,fixed_0_5,0.9285725469320014,0.2056371576022231,0.16823644040272817,0.1850660950339407,0.14892274468746802,0.7216353414480264,518,58789,2001,2561,63869,0.5,3079,0.03291659812469156,0.8317635595972719,0.12819718039936256,0.24413790035574717
clean_natural,B,selected,0.798024080539855,0.1112342649038081,0.4563169860344268,0.17886696371737745,0.14608754918442077,0.7150957130914753,1405,49564,11226,1674,63869,0.49,3079,0.18466853100838954,0.5436830139655733,0.12609917919880617,0.41210536414308546
clean_natural,B,fixed_0_5,0.8066041428549061,0.11404311995338383,0.4449496589801884,0.1815531407368142,0.14792879777083895,0.7150957130914753,1370,50147,10643,1709,63869,0.5,3079,0.17507813785162032,0.5550503410198117,0.12609917919880617,0.41210536414308546
clean_natural,C,selected,0.8759022373921621,0.15124478342207512,0.34134459240012993,0.20961308336657358,0.16806991816511588,0.7052145505846722,1051,54892,5898,2028,63869,0.31,3079,0.0970225366014147,0.6586554075998701,0.13999522056163213,0.26908339114696683
clean_natural,C,fixed_0_5,0.9094396342513582,0.1840691427236627,0.2559272491068529,0.2141304347826087,0.17000336204261499,0.7052145505846722,788,57297,3493,2291,63869,0.5,3079,0.05746010857048857,0.7440727508931472,0.13999522056163213,0.26908339114696683
clean_balanced,A,selected,0.6583306268268918,0.6803551609322974,0.5972718415069828,0.636112071947423,0.3190491316831626,0.7238243204998691,1839,2215,864,1240,6158,0.17,3079,0.2806105878531991,0.40272815849301724,0.7207035626964329,0.9090149530581257
clean_balanced,A,fixed_0_5,0.570477427736278,0.8604651162790697,0.16823644040272817,0.2814452594403695,0.23730689960950077,0.7238243204998691,518,2995,84,2561,6158,0.5,3079,0.027281584930172135,0.8317635595972719,0.7207035626964329,0.9090149530581257
clean_balanced,B,selected,0.6390061708346866,0.7190378710337769,0.4563169860344268,0.5583151202066362,0.29866211159189493,0.7162424984765683,1405,2530,549,1674,6158,0.49,3079,0.17830464436505358,0.5436830139655733,0.7106371285875552,0.6809172011500586
clean_balanced,B,fixed_0_5,0.6375446573562845,0.7237189646064448,0.4449496589801884,0.5510860820595334,0.29809080893845036,0.7162424984765683,1370,2556,523,1709,6158,0.5,3079,0.16986034426761937,0.5550503410198117,0.7106371285875552,0.6809172011500586
clean_balanced,C,selected,0.6217927898668398,0.7773668639053254,0.34134459240012993,0.47438501466937477,0.29422599103947333,0.7066814546170292,1051,2778,301,2028,6158,0.31,3079,0.09775901266645015,0.6586554075998701,0.7117856690012558,1.1923424690267304
clean_balanced,C,fixed_0_5,0.5995453069178305,0.818276220145379,0.2559272491068529,0.3899059871350817,0.2740656173926443,0.7066814546170292,788,2904,175,2291,6158,0.5,3079,0.05683663527119195,0.7440727508931472,0.7117856690012558,1.1923424690267304
cve_disjoint_natural,A,selected,0.7171771274610054,0.09887366143261388,0.6008091706001348,0.16980323026347133,0.15239720798355283,0.7234142402366502,1782,42404,16241,1184,61611,0.17,2966,0.2769375053286725,0.39919082939986517,0.12862176092253694,0.2442611523340463
cve_disjoint_natural,A,fixed_0_5,0.9283894109818052,0.20537897310513448,0.16992582602832096,0.18597785977859776,0.1496061729902652,0.7234142402366502,504,56695,1950,2462,61611,0.5,2966,0.03325091653167363,0.830074173971679,0.12862176092253694,0.2442611523340463
cve_disjoint_natural,B,selected,0.7975199233903036,0.11127463003842694,0.4588671611598112,0.1791142988747779,0.14678277097056286,0.7166395866140182,1361,47775,10870,1605,61611,0.49,2966,0.1853525449739961,0.5411328388401888,0.1267346353661616,0.4122874900561092
cve_disjoint_natural,B,fixed_0_5,0.8061385142263556,0.11414818635035241,0.44774106540795683,0.18191780821917808,0.14877483119216808,0.7166395866140182,1328,48339,10306,1638,61611,0.5,2966,0.17573535680791202,0.5522589345920431,0.1267346353661616,0.4122874900561092
cve_disjoint_natural,C,selected,0.8763857103439321,0.1518418688230009,0.3418745785569791,0.21028618830360848,0.16890681111845193,0.7069869410369846,1014,52981,5664,1952,61611,0.31,2966,0.09658112371046125,0.6581254214430209,0.14062802845929392,0.2678214867423753
cve_disjoint_natural,C,fixed_0_5,0.9097401438054893,0.1848433325236823,0.25657451112609575,0.2148807002682479,0.17088859002969,0.7069869410369846,761,55289,3356,2205,61611,0.5,2966,0.057225679938613695,0.7434254888739042,0.14062802845929392,0.2678214867423753
cve_disjoint_balanced,A,selected,0.6599360592293454,0.6804123711340206,0.6008091706001348,0.6381378692927484,0.3219262530624229,0.7266358331383492,1782,2140,837,1184,5943,0.17,2966,0.2811555256970104,0.39919082939986517,0.7225992061154859,0.902748636333831
cve_disjoint_balanced,A,fixed_0_5,0.5721016321723036,0.8615384615384616,0.16992582602832096,0.28386370036609404,0.23953672144549415,0.7266358331383492,504,2896,81,2462,5943,0.5,2966,0.02720859926100101,0.830074173971679,0.7225992061154859,0.902748636333831
cve_disjoint_balanced,B,selected,0.6404172976611139,0.7189646064447967,0.4588671611598112,0.5601975715167731,0.3006658772476891,0.718464680101955,1361,2445,532,1605,5943,0.49,2966,0.1787033926771918,0.5411328388401888,0.7122348544695292,0.6779317403419179
cve_disjoint_balanced,B,fixed_0_5,0.6392394413595827,0.7241003271537623,0.44774106540795683,0.5533333333333333,0.3006731318891308,0.718464680101955,1328,2471,506,1638,5943,0.5,2966,0.16996976822304333,0.5522589345920431,0.7122348544695292,0.6779317403419179
cve_disjoint_balanced,C,selected,0.6225811879522127,0.7770114942528735,0.3418745785569791,0.4748302505268087,0.29486071546442155,0.7089662576040948,1014,2686,291,1952,5943,0.31,2966,0.09774941215989251,0.6581254214430209,0.7134574277926037,1.1858924257370653
cve_disjoint_balanced,C,fixed_0_5,0.6007067137809188,0.8191603875134553,0.25657451112609575,0.3907573812580232,0.27555792270194585,0.7089662576040948,761,2809,168,2205,5943,0.5,2966,0.0564326503191132,0.7434254888739042,0.7134574277926037,1.1858924257370653
