name,qwen_calls,qwen_fraction,accuracy,precision,recall,f1,mcc,tp,fp,tn,fn,corrected_vs_cb512,damaged_vs_cb512,corrected_vs_qwen,damaged_vs_qwen
codebert512_only,0,0.0,0.7300944669365722,0.7044917257683215,0.7989276139410187,0.7487437185929647,0.46392443373066733,298,125,243,75,0,0,70,86
codebert2048_only,0,0.0,0.7341430499325237,0.7458100558659218,0.7158176943699732,0.7305061559507524,0.4687912996716297,267,91,277,106,49,46,51,64
qwen_only,741,1.0,0.7516869095816464,0.8058252427184466,0.6675603217158177,0.7302052785923754,0.5116027638236927,249,60,308,124,86,70,0,0
codebert512_margin_0,0,0.0,0.7300944669365722,0.7044917257683215,0.7989276139410187,0.7487437185929647,0.46392443373066733,298,125,243,75,0,0,70,86
codebert512_margin_10,74,0.09986504723346828,0.7368421052631579,0.7202970297029703,0.7801608579088471,0.749034749034749,0.4750306568209154,291,113,255,82,18,13,57,68
codebert512_margin_25,185,0.2496626180836707,0.7516869095816464,0.7429305912596401,0.774798927613941,0.7585301837270342,0.5036766342275426,289,100,268,84,41,25,45,45
codebert512_margin_50,370,0.4993252361673414,0.7557354925775979,0.7526315789473684,0.7667560321715817,0.7596281540504648,0.5114777753388255,286,94,274,87,52,33,37,34
codebert512_margin_75,555,0.7489878542510121,0.7435897435897436,0.7815384615384615,0.6809651474530831,0.7277936962750716,0.49174145704940325,254,71,297,119,75,65,5,11
codebert512_margin_100,741,1.0,0.7516869095816464,0.8058252427184466,0.6675603217158177,0.7302052785923754,0.5116027638236927,249,60,308,124,86,70,0,0
codebert512_probability_uncertainty_0,0,0.0,0.7300944669365722,0.7044917257683215,0.7989276139410187,0.7487437185929647,0.46392443373066733,298,125,243,75,0,0,70,86
codebert512_probability_uncertainty_10,74,0.09986504723346828,0.7246963562753036,0.7046004842615012,0.7801608579088471,0.7404580152671756,0.45160996518602137,291,122,246,82,3,7,63,83
codebert512_probability_uncertainty_25,185,0.2496626180836707,0.7152496626180836,0.7098445595854922,0.7345844504021448,0.7220026350461134,0.4306038155398895,274,112,256,99,13,24,46,73
codebert512_probability_uncertainty_50,370,0.4993252361673414,0.738191632928475,0.7859424920127795,0.6595174262734584,0.7172011661807579,0.4832970885107463,246,67,301,127,58,52,18,28
codebert512_probability_uncertainty_75,555,0.7489878542510121,0.7489878542510121,0.8045602605863192,0.6621983914209115,0.726470588235294,0.5066401725827218,247,60,308,126,82,68,2,4
codebert512_probability_uncertainty_100,741,1.0,0.7516869095816464,0.8058252427184466,0.6675603217158177,0.7302052785923754,0.5116027638236927,249,60,308,124,86,70,0,0
codebert512_positive_first_0,0,0.0,0.7300944669365722,0.7044917257683215,0.7989276139410187,0.7487437185929647,0.46392443373066733,298,125,243,75,0,0,70,86
codebert512_positive_first_10,74,0.09986504723346828,0.7408906882591093,0.7452574525745257,0.7372654155495979,0.7412398921832883,0.4818236125990434,275,94,274,98,31,23,47,55
codebert512_positive_first_25,185,0.2496626180836707,0.7462887989203779,0.7899686520376176,0.675603217158177,0.7283236994219653,0.4983647940046554,252,67,301,121,58,46,24,28
codebert512_positive_first_50,370,0.4993252361673414,0.7395411605937922,0.8061224489795918,0.6353887399463807,0.7106446776611695,0.4910683822011723,237,57,311,136,68,61,9,18
codebert512_positive_first_75,555,0.7489878542510121,0.7516869095816464,0.8098360655737705,0.6621983914209115,0.7286135693215341,0.5126530416729419,247,58,310,126,84,68,2,2
codebert512_positive_first_100,741,1.0,0.7516869095816464,0.8058252427184466,0.6675603217158177,0.7302052785923754,0.5116027638236927,249,60,308,124,86,70,0,0
codebert512_negative_first_0,0,0.0,0.7300944669365722,0.7044917257683215,0.7989276139410187,0.7487437185929647,0.46392443373066733,298,125,243,75,0,0,70,86
codebert512_negative_first_10,74,0.09986504723346828,0.7354925775978407,0.7043879907621247,0.8176943699731903,0.7568238213399502,0.4766890206451897,305,128,240,68,7,3,67,79
codebert512_negative_first_25,185,0.2496626180836707,0.7368421052631579,0.7013574660633484,0.8310991957104558,0.7607361963190185,0.48144285192482983,310,132,236,63,12,7,63,74
codebert512_negative_first_50,370,0.4993252361673414,0.7449392712550608,0.7277227722772277,0.7882037533512064,0.7567567567567569,0.49129196589732393,294,110,258,79,36,25,45,50
codebert512_negative_first_75,555,0.7489878542510121,0.7435897435897436,0.7815384615384615,0.6809651474530831,0.7277936962750716,0.49174145704940325,254,71,297,119,75,65,5,11
codebert512_negative_first_100,741,1.0,0.7516869095816464,0.8058252427184466,0.6675603217158177,0.7302052785923754,0.5116027638236927,249,60,308,124,86,70,0,0
codebert2048_margin_0,0,0.0,0.7341430499325237,0.7458100558659218,0.7158176943699732,0.7305061559507524,0.4687912996716297,267,91,277,106,49,46,51,64
codebert2048_margin_10,74,0.09986504723346828,0.7462887989203779,0.7650429799426934,0.7158176943699732,0.7396121883656509,0.4938125285535423,267,82,286,106,57,45,38,42
codebert2048_margin_25,185,0.2496626180836707,0.7462887989203779,0.7863777089783281,0.6809651474530831,0.7298850574712644,0.4975599412257932,254,69,299,119,66,54,18,22
codebert2048_margin_50,370,0.4993252361673414,0.7489878542510121,0.8045602605863192,0.6621983914209115,0.726470588235294,0.5066401725827218,247,60,308,126,79,65,6,8
codebert2048_margin_75,555,0.7489878542510121,0.7516869095816464,0.8098360655737705,0.6621983914209115,0.7286135693215341,0.5126530416729419,247,58,310,126,84,68,2,2
codebert2048_margin_100,741,1.0,0.7516869095816464,0.8058252427184466,0.6675603217158177,0.7302052785923754,0.5116027638236927,249,60,308,124,86,70,0,0
codebert2048_probability_uncertainty_0,0,0.0,0.7341430499325237,0.7458100558659218,0.7158176943699732,0.7305061559507524,0.4687912996716297,267,91,277,106,49,46,51,64
codebert2048_probability_uncertainty_10,74,0.09986504723346828,0.7449392712550608,0.7555555555555555,0.7292225201072386,0.742155525238745,0.490277853474092,272,88,280,101,52,41,42,47
codebert2048_probability_uncertainty_25,185,0.2496626180836707,0.7435897435897436,0.7747747747747747,0.6916890080428955,0.7308781869688384,0.4903919025795711,258,75,293,115,63,53,21,27
codebert2048_probability_uncertainty_50,370,0.4993252361673414,0.7530364372469636,0.8064516129032258,0.6702412868632708,0.7320644216691069,0.5140865146080982,250,60,308,123,79,62,8,7
codebert2048_probability_uncertainty_75,555,0.7489878542510121,0.7489878542510121,0.8025889967637541,0.6648793565683646,0.7272727272727272,0.5061285876555914,248,61,307,125,84,70,0,2
codebert2048_probability_uncertainty_100,741,1.0,0.7516869095816464,0.8058252427184466,0.6675603217158177,0.7302052785923754,0.5116027638236927,249,60,308,124,86,70,0,0
codebert2048_positive_first_0,0,0.0,0.7341430499325237,0.7458100558659218,0.7158176943699732,0.7305061559507524,0.4687912996716297,267,91,277,106,49,46,51,64
codebert2048_positive_first_10,74,0.09986504723346828,0.7354925775978407,0.7774294670846394,0.6648793565683646,0.7167630057803468,0.4765601848168216,248,71,297,125,65,61,32,44
codebert2048_positive_first_25,185,0.2496626180836707,0.738191632928475,0.8140350877192982,0.6219839142091153,0.7051671732522796,0.4912097773879933,232,53,315,141,78,72,16,26
codebert2048_positive_first_50,370,0.4993252361673414,0.738191632928475,0.8185053380782918,0.6166219839142091,0.7033639143730888,0.49261311450768164,230,51,317,143,80,74,9,19
codebert2048_positive_first_75,555,0.7489878542510121,0.7530364372469636,0.8125,0.6621983914209115,0.7296898079763663,0.5156698552534495,247,57,311,126,84,67,3,2
codebert2048_positive_first_100,741,1.0,0.7516869095816464,0.8058252427184466,0.6675603217158177,0.7302052785923754,0.5116027638236927,249,60,308,124,86,70,0,0
codebert2048_negative_first_0,0,0.0,0.7341430499325237,0.7458100558659218,0.7158176943699732,0.7305061559507524,0.4687912996716297,267,91,277,106,49,46,51,64
codebert2048_negative_first_10,74,0.09986504723346828,0.7503373819163293,0.7486772486772487,0.7587131367292225,0.7536617842876165,0.5006521552912057,283,95,273,90,49,34,47,48
codebert2048_negative_first_25,185,0.2496626180836707,0.7516869095816464,0.7454545454545455,0.7694369973190348,0.7572559366754616,0.5035069413976526,287,98,270,86,51,35,44,44
codebert2048_negative_first_50,370,0.4993252361673414,0.7516869095816464,0.7416879795396419,0.7774798927613941,0.7591623036649214,0.5037836721261133,290,101,267,83,54,38,41,41
codebert2048_negative_first_75,555,0.7489878542510121,0.7516869095816464,0.7925696594427245,0.6863270777479893,0.735632183908046,0.5084462456902005,256,67,301,117,79,63,7,7
codebert2048_negative_first_100,741,1.0,0.7516869095816464,0.8058252427184466,0.6675603217158177,0.7302052785923754,0.5116027638236927,249,60,308,124,86,70,0,0
